AÃ‘O,MES,Entidad_nume,PRECIO
2017,1,17,16
2017,2,17,15.88
2017,3,17,15.78
2017,4,17,15.78
2017,5,17,15.68
2017,6,17,15.57
2017,7,17,15.48
2017,8,17,15.56
2017,9,17,15.79
2017,10,17,15.92
2017,11,17,16.02
2017,12,17,16.16
2018,1,17,16.71
2018,2,17,17.35
2018,3,17,17.58
2018,4,17,17.68
2018,5,17,17.89
2018,6,17,18.1
2018,7,17,18.45
2018,8,17,18.97
2018,9,17,19.23
2018,10,17,19.43
2018,11,17,19.41
2018,12,17,19.1
2019,1,17,18.82
2019,2,17,19.25
2019,3,17,19.74
2019,4,17,19.52
2019,5,17,19.44
2019,6,17,19.33
2019,7,17,19.4
2019,8,17,19.28
2019,9,17,19.37
2019,10,17,19.33
2019,11,17,19.32
2019,12,17,19.44
2020,1,17,19.52
2020,2,17,19.41
2020,3,17,17.8
2020,4,17,15.1
2020,5,17,16.27
2020,6,17,17.65
2020,7,17,18.6
2020,8,17,18.6
2020,9,17,18.53
2020,10,17,18.39
2020,11,17,17.72
2020,12,17,17.92
2021,1,17,18.93
2021,2,17,19.75
2021,3,17,20.1
2021,4,17,20.19
2021,5,17,20.22
2021,6,17,20.27
2021,7,17,20.28
2021,8,17,20.3
2021,9,17,20.19
2021,10,17,20.13
2021,11,17,20.07
2021,12,17,20.28
2022,1,17,20.65
2022,2,17,20.85
2022,3,17,21.28
2022,4,17,21.47
2022,5,17,21.67
2022,6,17,21.86
2022,7,17,21.83
2022,8,17,21.9
2022,9,17,21.7
2022,10,17,21.9
2022,11,17,21.79
2022,12,17,21.5
2023,1,17,21.76
2023,2,17,21.79
2023,3,17,21.88
2023,4,17,21.96
2023,5,17,21.94
2023,6,17,21.99
2023,7,17,22.09
2023,8,17,22.31
2023,9,17,22.35
2023,10,17,22.29
2023,11,17,22.23
2023,12,17,22.09
2024,1,17,22.32
2024,2,17,23.01
2024,3,17,23.19
2024,4,17,23.43
2024,5,17,23.49
2024,6,17,23.56
2024,7,17,23.91
2024,8,17,24.05
2024,9,17,23.92
2024,10,17,23.85
2024,11,17,23.9
2024,12,17,23.98
2025,1,17,24.28
2025,2,17,24.21
2025,3,17,23.78
2025,4,17,23.72
2017,1,0,16.19
2017,2,0,16.18
2017,3,0,16.1
2017,4,0,16.12
2017,5,0,16.03
2017,6,0,15.93
2017,7,0,15.86
2017,8,0,15.92
2017,9,0,16.15
2017,10,0,16.28
2017,11,0,16.36
2017,12,0,16.48
2018,1,0,17.17
2018,2,0,18
2018,3,0,18.26
2018,4,0,18.34
2018,5,0,18.46
2018,6,0,18.65
2018,7,0,19.02
2018,8,0,19.55
2018,9,0,19.8
2018,10,0,20
2018,11,0,20
2018,12,0,19.81
2019,1,0,19.64
2019,2,0,20.08
2019,3,0,20.34
2019,4,0,19.85
2019,5,0,19.75
2019,6,0,19.65
2019,7,0,19.71
2019,8,0,19.67
2019,9,0,19.74
2019,10,0,19.79
2019,11,0,19.85
2019,12,0,19.92
2020,1,0,19.97
2020,2,0,19.96
2020,3,0,18.39
2020,4,0,15.36
2020,5,0,16.57
2020,6,0,18.01
2020,7,0,19.2
2020,8,0,19.3
2020,9,0,19.08
2020,10,0,18.68
2020,11,0,17.94
2020,12,0,18.18
2021,1,0,19.27
2021,2,0,20.17
2021,3,0,20.46
2021,4,0,20.53
2021,5,0,20.46
2021,6,0,20.47
2021,7,0,20.55
2021,8,0,20.5
2021,9,0,20.25
2021,10,0,20.2
2021,11,0,20.09
2021,12,0,20.26
2022,1,0,20.62
2022,2,0,20.81
2022,3,0,21.25
2022,4,0,21.48
2022,5,0,21.8
2022,6,0,21.81
2022,7,0,21.7
2022,8,0,21.64
2022,9,0,21.4
2022,10,0,21.57
2022,11,0,21.52
2022,12,0,21.22
2023,1,0,21.51
2023,2,0,21.59
2023,3,0,21.63
2023,4,0,21.77
2023,5,0,21.76
2023,6,0,21.97
2023,7,0,22.05
2023,8,0,22.24
2023,9,0,22.32
2023,10,0,22.4
2023,11,0,22.44
2023,12,0,22.43
2024,1,0,22.58
2024,2,0,23.11
2024,3,0,23.3
2024,4,0,23.39
2024,5,0,23.53
2024,6,0,23.63
2024,7,0,23.98
2024,8,0,24.28
2024,9,0,24.36
2024,10,0,24.38
2024,11,0,24.37
2024,12,0,24.39
2025,1,0,24.68
2025,2,0,24.7
2025,3,0,24.07
2025,4,0,23.93
2017,1,1,16.07
2017,2,1,16.04
2017,3,1,15.85
2017,4,1,15.87
2017,5,1,15.83
2017,6,1,15.81
2017,7,1,15.71
2017,8,1,15.8
2017,9,1,15.98
2017,10,1,16.12
2017,11,1,16.27
2017,12,1,16.38
2018,1,1,16.8
2018,2,1,17.31
2018,3,1,17.53
2018,4,1,17.67
2018,5,1,17.81
2018,6,1,18.08
2018,7,1,18.49
2018,8,1,19.03
2018,9,1,19.36
2018,10,1,19.57
2018,11,1,19.61
2018,12,1,19.4
2019,1,1,18.04
2019,2,1,18.17
2019,3,1,18.56
2019,4,1,18.49
2019,5,1,18.43
2019,6,1,18.34
2019,7,1,18.37
2019,8,1,18.17
2019,9,1,18.2
2019,10,1,18.09
2019,11,1,18
2019,12,1,18
2020,1,1,18.3
2020,2,1,18.37
2020,3,1,17.18
2020,4,1,14.19
2020,5,1,15.53
2020,6,1,17.15
2020,7,1,17.94
2020,8,1,17.85
2020,9,1,17.71
2020,10,1,17.38
2020,11,1,16.39
2020,12,1,16.58
2021,1,1,17.84
2021,2,1,18.78
2021,3,1,19.08
2021,4,1,19.24
2021,5,1,19.38
2021,6,1,19.43
2021,7,1,19.39
2021,8,1,19.43
2021,9,1,19.42
2021,10,1,19.4
2021,11,1,19.31
2021,12,1,19.38
2022,1,1,19.68
2022,2,1,20
2022,3,1,20.48
2022,4,1,21.11
2022,5,1,21.28
2022,6,1,21.3
2022,7,1,21.12
2022,8,1,21.19
2022,9,1,21.08
2022,10,1,21.2
2022,11,1,21.07
2022,12,1,20.69
2023,1,1,20.98
2023,2,1,21.06
2023,3,1,21.16
2023,4,1,21.28
2023,5,1,21.16
2023,6,1,21.26
2023,7,1,21.38
2023,8,1,21.43
2023,9,1,21.42
2023,10,1,21.5
2023,11,1,21.37
2023,12,1,21.35
2024,1,1,21.6
2024,2,1,22.36
2024,3,1,22.74
2024,4,1,22.9
2024,5,1,23.01
2024,6,1,23.19
2024,7,1,23.38
2024,8,1,23.53
2024,9,1,23.53
2024,10,1,23.45
2024,11,1,23.51
2024,12,1,23.61
2025,1,1,23.87
2025,2,1,23.73
2025,3,1,23.35
2025,4,1,23.22
2017,1,2,16.11
2017,2,2,16.07
2017,3,2,16
2017,4,2,16.02
2017,5,2,15.93
2017,6,2,15.83
2017,7,2,15.75
2017,8,2,15.82
2017,9,2,16.04
2017,10,2,16.17
2017,11,2,16.34
2017,12,2,16.55
2018,1,2,16.97
2018,2,2,17.37
2018,3,2,17.58
2018,4,2,17.67
2018,5,2,17.85
2018,6,2,18.11
2018,7,2,18.47
2018,8,2,19.05
2018,9,2,19.34
2018,10,2,19.56
2018,11,2,19.63
2018,12,2,19.53
2019,1,2,19.27
2019,2,2,19.59
2019,3,2,20.38
2019,4,2,20.39
2019,5,2,20.4
2019,6,2,20.43
2019,7,2,20.56
2019,8,2,20.59
2019,9,2,20.64
2019,10,2,20.64
2019,11,2,20.64
2019,12,2,20.68
2020,1,2,20.76
2020,2,2,20.7
2020,3,2,18.91
2020,4,2,15.92
2020,5,2,17.31
2020,6,2,18.95
2020,7,2,19.67
2020,8,2,19.51
2020,9,2,19.54
2020,10,2,19.39
2020,11,2,18.74
2020,12,2,18.65
2021,1,2,19.76
2021,2,2,20.6
2021,3,2,20.73
2021,4,2,20.64
2021,5,2,20.6
2021,6,2,20.63
2021,7,2,20.74
2021,8,2,20.79
2021,9,2,20.85
2021,10,2,20.85
2021,11,2,20.76
2021,12,2,20.84
2022,1,2,21.21
2022,2,2,21.4
2022,3,2,21.62
2022,4,2,21.7
2022,5,2,21.75
2022,6,2,21.82
2022,7,2,22.05
2022,8,2,22.42
2022,9,2,22.53
2022,10,2,22.75
2022,11,2,22.65
2022,12,2,22.57
2023,1,2,22.87
2023,2,2,22.97
2023,3,2,23.05
2023,4,2,22.99
2023,5,2,23.07
2023,6,2,23.29
2023,7,2,23.42
2023,8,2,23.42
2023,9,2,23.38
2023,10,2,23.47
2023,11,2,23.51
2023,12,2,23.32
2024,1,2,23.51
2024,2,2,24.08
2024,3,2,24.51
2024,4,2,24.79
2024,5,2,24.86
2024,6,2,25.01
2024,7,2,25.22
2024,8,2,25.49
2024,9,2,25.64
2024,10,2,25.47
2024,11,2,25.45
2024,12,2,25.4
2025,1,2,25.42
2025,2,2,25.3
2025,3,2,24.45
2025,4,2,24.29
2017,1,3,15.67
2017,2,3,15.65
2017,3,3,15.56
2017,4,3,15.59
2017,5,3,15.49
2017,6,3,15.39
2017,7,3,15.32
2017,8,3,15.38
2017,9,3,15.6
2017,10,3,15.72
2017,11,3,15.81
2017,12,3,15.99
2018,1,3,16.67
2018,2,3,17.26
2018,3,3,17.43
2018,4,3,17.53
2018,5,3,17.7
2018,6,3,17.98
2018,7,3,18.39
2018,8,3,19
2018,9,3,19.24
2018,10,3,19.44
2018,11,3,19.46
2018,12,3,19.39
2019,1,3,19.18
2019,2,3,19.44
2019,3,3,19.91
2019,4,3,19.75
2019,5,3,19.69
2019,6,3,19.66
2019,7,3,19.62
2019,8,3,19.62
2019,9,3,19.69
2019,10,3,19.54
2019,11,3,19.48
2019,12,3,19.62
2020,1,3,19.73
2020,2,3,19.59
2020,3,3,18.61
2020,4,3,16.02
2020,5,3,16.72
2020,6,3,18.24
2020,7,3,19.34
2020,8,3,19.43
2020,9,3,19.31
2020,10,3,19.22
2020,11,3,18.83
2020,12,3,18.89
2021,1,3,19.82
2021,2,3,20.69
2021,3,3,21.05
2021,4,3,21.08
2021,5,3,21.06
2021,6,3,21.13
2021,7,3,21.29
2021,8,3,21.4
2021,9,3,21.49
2021,10,3,21.62
2021,11,3,21.62
2021,12,3,21.69
2022,1,3,21.91
2022,2,3,22.23
2022,3,3,22.58
2022,4,3,22.6
2022,5,3,22.67
2022,6,3,22.73
2022,7,3,22.81
2022,8,3,22.93
2022,9,3,23.06
2022,10,3,23.23
2022,11,3,23.33
2022,12,3,23.26
2023,1,3,23.16
2023,2,3,23.01
2023,3,3,22.99
2023,4,3,23
2023,5,3,22.97
2023,6,3,22.96
2023,7,3,22.98
2023,8,3,23.14
2023,9,3,23.31
2023,10,3,23.3
2023,11,3,23.33
2023,12,3,23.15
2024,1,3,23.17
2024,2,3,23.44
2024,3,3,23.68
2024,4,3,24.01
2024,5,3,24.15
2024,6,3,24.13
2024,7,3,24.34
2024,8,3,24.5
2024,9,3,24.59
2024,10,3,24.56
2024,11,3,24.47
2024,12,3,24.56
2025,1,3,24.68
2025,2,3,24.64
2025,3,3,24.05
2025,4,3,23.98
2017,1,4,15.86
2017,2,4,15.85
2017,3,4,15.76
2017,4,4,15.78
2017,5,4,15.69
2017,6,4,15.59
2017,7,4,15.51
2017,8,4,15.58
2017,9,4,15.81
2017,10,4,15.93
2017,11,4,16.01
2017,12,4,16.16
2018,1,4,16.68
2018,2,4,17.17
2018,3,4,17.36
2018,4,4,17.48
2018,5,4,17.65
2018,6,4,17.88
2018,7,4,18.3
2018,8,4,18.87
2018,9,4,19.09
2018,10,4,19.22
2018,11,4,19.2
2018,12,4,18.92
2019,1,4,18.52
2019,2,4,18.92
2019,3,4,19.62
2019,4,4,19.47
2019,5,4,19.27
2019,6,4,19.09
2019,7,4,19.19
2019,8,4,19.21
2019,9,4,19.27
2019,10,4,19.19
2019,11,4,19.19
2019,12,4,19.27
2020,1,4,19.31
2020,2,4,19.15
2020,3,4,17.8
2020,4,4,15.28
2020,5,4,16.18
2020,6,4,17.57
2020,7,4,18.64
2020,8,4,18.61
2020,9,4,18.76
2020,10,4,18.72
2020,11,4,18.29
2020,12,4,18.42
2021,1,4,19.07
2021,2,4,19.74
2021,3,4,20.04
2021,4,4,20.2
2021,5,4,20.29
2021,6,4,20.29
2021,7,4,20.41
2021,8,4,20.56
2021,9,4,20.54
2021,10,4,20.61
2021,11,4,20.55
2021,12,4,20.71
2022,1,4,20.91
2022,2,4,20.96
2022,3,4,21.22
2022,4,4,21.35
2022,5,4,21.48
2022,6,4,21.5
2022,7,4,21.66
2022,8,4,21.71
2022,9,4,21.86
2022,10,4,21.93
2022,11,4,21.91
2022,12,4,21.81
2023,1,4,21.9
2023,2,4,21.85
2023,3,4,21.82
2023,4,4,21.94
2023,5,4,21.97
2023,6,4,22.01
2023,7,4,22.02
2023,8,4,22.15
2023,9,4,22.24
2023,10,4,22.35
2023,11,4,22.38
2023,12,4,22.2
2024,1,4,22.39
2024,2,4,22.98
2024,3,4,23.2
2024,4,4,23.24
2024,5,4,23.33
2024,6,4,23.82
2024,7,4,23.96
2024,8,4,23.99
2024,9,4,23.9
2024,10,4,23.99
2024,11,4,24.05
2024,12,4,24.1
2025,1,4,24.28
2025,2,4,24.11
2025,3,4,23.93
2025,4,4,23.76
2017,1,5,16.04
2017,2,5,14.26
2017,3,5,14.76
2017,4,5,14.74
2017,5,5,14.66
2017,6,5,14.62
2017,7,5,14.49
2017,8,5,14.49
2017,9,5,14.83
2017,10,5,14.98
2017,11,5,15.11
2017,12,5,15.29
2018,1,5,15.8
2018,2,5,16.39
2018,3,5,16.52
2018,4,5,16.48
2018,5,5,16.89
2018,6,5,16.75
2018,7,5,17.14
2018,8,5,17.68
2018,9,5,17.96
2018,10,5,18.15
2018,11,5,17.95
2018,12,5,17.54
2019,1,5,16.83
2019,2,5,17.31
2019,3,5,17.84
2019,4,5,17.49
2019,5,5,17.2
2019,6,5,17.23
2019,7,5,17.22
2019,8,5,17.02
2019,9,5,17.26
2019,10,5,17.06
2019,11,5,16.98
2019,12,5,17.28
2020,1,5,17.38
2020,2,5,17.16
2020,3,5,15.23
2020,4,5,12.91
2020,5,5,14.26
2020,6,5,15.77
2020,7,5,16.56
2020,8,5,16.36
2020,9,5,16.58
2020,10,5,16.43
2020,11,5,15.77
2020,12,5,16.14
2021,1,5,17.36
2021,2,5,18.17
2021,3,5,18.37
2021,4,5,18.27
2021,5,5,18.39
2021,6,5,18.25
2021,7,5,18.14
2021,8,5,18.22
2021,9,5,18.21
2021,10,5,18.3
2021,11,5,18.15
2021,12,5,18.46
2022,1,5,18.92
2022,2,5,19.22
2022,3,5,19.75
2022,4,5,20.18
2022,5,5,20.31
2022,6,5,20.68
2022,7,5,20.45
2022,8,5,20.5
2022,9,5,19.81
2022,10,5,20.09
2022,11,5,19.69
2022,12,5,19.69
2023,1,5,19.87
2023,2,5,19.76
2023,3,5,19.75
2023,4,5,19.93
2023,5,5,20.57
2023,6,5,20.68
2023,7,5,20.72
2023,8,5,21.32
2023,9,5,21.67
2023,10,5,20.97
2023,11,5,20.84
2023,12,5,20
2024,1,5,20.24
2024,2,5,20.99
2024,3,5,21.15
2024,4,5,21.51
2024,5,5,21.07
2024,6,5,21.17
2024,7,5,21.72
2024,8,5,21.81
2024,9,5,21.45
2024,10,5,21.45
2024,11,5,21.44
2024,12,5,21.98
2025,1,5,22.33
2025,2,5,22.41
2025,3,5,22.39
2025,4,5,22.42
2017,1,6,16.32
2017,2,6,16.29
2017,3,6,16.21
2017,4,6,16.2
2017,5,6,16.08
2017,6,6,15.95
2017,7,6,15.86
2017,8,6,15.92
2017,9,6,16.14
2017,10,6,16.26
2017,11,6,16.35
2017,12,6,16.45
2018,1,6,17.07
2018,2,6,17.85
2018,3,6,18.11
2018,4,6,18.21
2018,5,6,18.49
2018,6,6,18.79
2018,7,6,19.01
2018,8,6,19.34
2018,9,6,19.6
2018,10,6,19.86
2018,11,6,19.9
2018,12,6,19.75
2019,1,6,19.63
2019,2,6,19.96
2019,3,6,20.52
2019,4,6,20.49
2019,5,6,20.52
2019,6,6,20.39
2019,7,6,20.47
2019,8,6,20.31
2019,9,6,20.32
2019,10,6,20.26
2019,11,6,20.29
2019,12,6,20.45
2020,1,6,20.6
2020,2,6,20.45
2020,3,6,18.85
2020,4,6,15.56
2020,5,6,16.87
2020,6,6,18.25
2020,7,6,19.26
2020,8,6,19.25
2020,9,6,19.07
2020,10,6,18.93
2020,11,6,18.15
2020,12,6,18.35
2021,1,6,19.54
2021,2,6,20.51
2021,3,6,20.93
2021,4,6,20.88
2021,5,6,20.93
2021,6,6,20.95
2021,7,6,20.83
2021,8,6,20.82
2021,9,6,20.71
2021,10,6,20.57
2021,11,6,20.65
2021,12,6,21.08
2022,1,6,21.4
2022,2,6,21.54
2022,3,6,22.1
2022,4,6,22.18
2022,5,6,22.4
2022,6,6,22.66
2022,7,6,22.67
2022,8,6,22.65
2022,9,6,22.31
2022,10,6,22.49
2022,11,6,22.33
2022,12,6,22.14
2023,1,6,22.3
2023,2,6,22.36
2023,3,6,22.55
2023,4,6,22.74
2023,5,6,22.55
2023,6,6,22.55
2023,7,6,22.56
2023,8,6,22.6
2023,9,6,22.84
2023,10,6,22.84
2023,11,6,22.71
2023,12,6,22.61
2024,1,6,22.65
2024,2,6,23.12
2024,3,6,23.22
2024,4,6,23.52
2024,5,6,23.84
2024,6,6,23.89
2024,7,6,24.1
2024,8,6,24.19
2024,9,6,23.95
2024,10,6,23.97
2024,11,6,23.9
2024,12,6,24
2025,1,6,24.38
2025,2,6,24.26
2025,3,6,23.86
2025,4,6,23.83
2017,1,7,15.8
2017,2,7,15.85
2017,3,7,15.71
2017,4,7,15.62
2017,5,7,15.47
2017,6,7,15.41
2017,7,7,15.36
2017,8,7,15.45
2017,9,7,15.67
2017,10,7,15.84
2017,11,7,15.97
2017,12,7,16.16
2018,1,7,16.69
2018,2,7,17.38
2018,3,7,17.61
2018,4,7,17.68
2018,5,7,17.74
2018,6,7,18.08
2018,7,7,18.43
2018,8,7,18.96
2018,9,7,19.26
2018,10,7,19.48
2018,11,7,19.44
2018,12,7,19.17
2019,1,7,18.9
2019,2,7,19.19
2019,3,7,19.68
2019,4,7,19.37
2019,5,7,19.17
2019,6,7,19.18
2019,7,7,19.3
2019,8,7,19.09
2019,9,7,19.32
2019,10,7,19.35
2019,11,7,19.51
2019,12,7,19.48
2020,1,7,19.53
2020,2,7,19.41
2020,3,7,17.67
2020,4,7,15.16
2020,5,7,15.89
2020,6,7,16.95
2020,7,7,17.91
2020,8,7,18.17
2020,9,7,18.17
2020,10,7,18.15
2020,11,7,17.5
2020,12,7,17.58
2021,1,7,18.31
2021,2,7,19.14
2021,3,7,19.84
2021,4,7,20.02
2021,5,7,20.11
2021,6,7,20.18
2021,7,7,20.21
2021,8,7,20.19
2021,9,7,20.12
2021,10,7,20.14
2021,11,7,19.96
2021,12,7,20.17
2022,1,7,20.45
2022,2,7,20.52
2022,3,7,21.22
2022,4,7,21.57
2022,5,7,21.95
2022,6,7,22.11
2022,7,7,22.05
2022,8,7,22.01
2022,9,7,21.55
2022,10,7,21.74
2022,11,7,21.64
2022,12,7,21.1
2023,1,7,21.1
2023,2,7,21.11
2023,3,7,21.39
2023,4,7,21.65
2023,5,7,21.21
2023,6,7,21.17
2023,7,7,21.53
2023,8,7,22.13
2023,9,7,22.12
2023,10,7,21.8
2023,11,7,21.95
2023,12,7,22.1
2024,1,7,22.09
2024,2,7,22.66
2024,3,7,22.68
2024,4,7,22.91
2024,5,7,23.22
2024,6,7,23.28
2024,7,7,23.69
2024,8,7,23.91
2024,9,7,23.75
2024,10,7,23.64
2024,11,7,23.79
2024,12,7,24.03
2025,1,7,24.44
2025,2,7,24.22
2025,3,7,23.67
2025,4,7,23.61
2017,1,8,16.06
2017,2,8,16.02
2017,3,8,15.95
2017,4,8,15.99
2017,5,8,15.89
2017,6,8,15.79
2017,7,8,15.71
2017,8,8,15.78
2017,9,8,16.01
2017,10,8,16.13
2017,11,8,16.21
2017,12,8,16.34
2018,1,8,16.83
2018,2,8,17.36
2018,3,8,17.57
2018,4,8,17.66
2018,5,8,17.81
2018,6,8,18.03
2018,7,8,18.39
2018,8,8,18.92
2018,9,8,19.18
2018,10,8,19.35
2018,11,8,19.38
2018,12,8,19.16
2019,1,8,18.98
2019,2,8,19.53
2019,3,8,19.97
2019,4,8,19.77
2019,5,8,19.72
2019,6,8,19.51
2019,7,8,19.59
2019,8,8,19.54
2019,9,8,19.59
2019,10,8,19.56
2019,11,8,19.54
2019,12,8,19.64
2020,1,8,19.72
2020,2,8,19.67
2020,3,8,17.62
2020,4,8,15.02
2020,5,8,16.53
2020,6,8,17.92
2020,7,8,18.64
2020,8,8,18.74
2020,9,8,18.77
2020,10,8,18.47
2020,11,8,17.65
2020,12,8,17.77
2021,1,8,18.89
2021,2,8,19.72
2021,3,8,19.92
2021,4,8,20.01
2021,5,8,20.09
2021,6,8,20.14
2021,7,8,20.21
2021,8,8,20.29
2021,9,8,20.21
2021,10,8,20.13
2021,11,8,20.07
2021,12,8,20.35
2022,1,8,20.71
2022,2,8,20.91
2022,3,8,21.22
2022,4,8,21.38
2022,5,8,21.49
2022,6,8,21.54
2022,7,8,21.72
2022,8,8,21.91
2022,9,8,21.93
2022,10,8,22.07
2022,11,8,22
2022,12,8,21.81
2023,1,8,22.08
2023,2,8,22.17
2023,3,8,22.25
2023,4,8,22.24
2023,5,8,22.14
2023,6,8,22.26
2023,7,8,22.42
2023,8,8,22.54
2023,9,8,22.57
2023,10,8,22.54
2023,11,8,22.62
2023,12,8,22.47
2024,1,8,22.71
2024,2,8,23.41
2024,3,8,23.75
2024,4,8,24.04
2024,5,8,24.12
2024,6,8,24.15
2024,7,8,24.42
2024,8,8,24.61
2024,9,8,24.55
2024,10,8,24.5
2024,11,8,24.57
2024,12,8,24.52
2025,1,8,24.79
2025,2,8,24.65
2025,3,8,23.98
2025,4,8,23.9
2017,1,9,16.25
2017,2,9,16.21
2017,3,9,16.15
2017,4,9,16.17
2017,5,9,16.07
2017,6,9,15.98
2017,7,9,15.89
2017,8,9,15.97
2017,9,9,16.2
2017,10,9,16.34
2017,11,9,16.48
2017,12,9,16.66
2018,1,9,17.24
2018,2,9,17.85
2018,3,9,18.02
2018,4,9,18.11
2018,5,9,18.28
2018,6,9,18.49
2018,7,9,18.81
2018,8,9,19.29
2018,9,9,19.58
2018,10,9,19.78
2018,11,9,19.73
2018,12,9,19.44
2019,1,9,19.25
2019,2,9,19.6
2019,3,9,20.1
2019,4,9,19.87
2019,5,9,19.76
2019,6,9,19.68
2019,7,9,19.78
2019,8,9,19.75
2019,9,9,19.91
2019,10,9,19.86
2019,11,9,19.9
2019,12,9,20.04
2020,1,9,20.2
2020,2,9,20.06
2020,3,9,18.57
2020,4,9,15.93
2020,5,9,16.85
2020,6,9,18.22
2020,7,9,19.08
2020,8,9,19.08
2020,9,9,19.12
2020,10,9,18.83
2020,11,9,18.21
2020,12,9,18.38
2021,1,9,19.42
2021,2,9,20.25
2021,3,9,20.65
2021,4,9,20.77
2021,5,9,20.75
2021,6,9,20.8
2021,7,9,20.76
2021,8,9,20.74
2021,9,9,20.57
2021,10,9,20.47
2021,11,9,20.37
2021,12,9,20.56
2022,1,9,20.85
2022,2,9,21.06
2022,3,9,21.52
2022,4,9,21.9
2022,5,9,22.13
2022,6,9,22.29
2022,7,9,22.35
2022,8,9,22.39
2022,9,9,22.21
2022,10,9,22.34
2022,11,9,22.09
2022,12,9,21.65
2023,1,9,22.01
2023,2,9,22.07
2023,3,9,22.29
2023,4,9,22.45
2023,5,9,22.45
2023,6,9,22.4
2023,7,9,22.56
2023,8,9,22.92
2023,9,9,23.01
2023,10,9,23.05
2023,11,9,22.89
2023,12,9,22.61
2024,1,9,22.66
2024,2,9,23.23
2024,3,9,23.19
2024,4,9,23.47
2024,5,9,23.64
2024,6,9,23.71
2024,7,9,24.17
2024,8,9,24.41
2024,9,9,24.38
2024,10,9,24.47
2024,11,9,24.89
2024,12,9,25.06
2025,1,9,25.34
2025,2,9,25
2025,3,9,24.02
2025,4,9,23.95
2017,1,10,16.1
2017,2,10,16.06
2017,3,10,16
2017,4,10,16.03
2017,5,10,15.93
2017,6,10,15.83
2017,7,10,15.75
2017,8,10,15.82
2017,9,10,16.05
2017,10,10,16.17
2017,11,10,16.26
2017,12,10,16.39
2018,1,10,17.03
2018,2,10,17.73
2018,3,10,17.98
2018,4,10,18.07
2018,5,10,18.21
2018,6,10,18.42
2018,7,10,18.83
2018,8,10,19.43
2018,9,10,19.7
2018,10,10,19.93
2018,11,10,19.96
2018,12,10,19.68
2019,1,10,19.72
2019,2,10,20.18
2019,3,10,20.54
2019,4,10,20.26
2019,5,10,20.12
2019,6,10,20
2019,7,10,20.11
2019,8,10,20.05
2019,9,10,20.13
2019,10,10,20.12
2019,11,10,20.16
2019,12,10,20.21
2020,1,10,20.28
2020,2,10,20.19
2020,3,10,18.38
2020,4,10,15.43
2020,5,10,16.49
2020,6,10,17.92
2020,7,10,19
2020,8,10,19.03
2020,9,10,18.87
2020,10,10,18.6
2020,11,10,17.92
2020,12,10,18.11
2021,1,10,19.18
2021,2,10,20.07
2021,3,10,20.37
2021,4,10,20.39
2021,5,10,20.41
2021,6,10,20.47
2021,7,10,20.42
2021,8,10,20.28
2021,9,10,20.16
2021,10,10,20.06
2021,11,10,19.99
2021,12,10,20.2
2022,1,10,20.59
2022,2,10,20.78
2022,3,10,21.23
2022,4,10,21.44
2022,5,10,21.67
2022,6,10,21.85
2022,7,10,21.94
2022,8,10,21.98
2022,9,10,21.91
2022,10,10,22.03
2022,11,10,22
2022,12,10,21.69
2023,1,10,22
2023,2,10,22.04
2023,3,10,22.04
2023,4,10,22.11
2023,5,10,21.92
2023,6,10,21.88
2023,7,10,21.99
2023,8,10,22.23
2023,9,10,22.21
2023,10,10,22.23
2023,11,10,22.23
2023,12,10,22.33
2024,1,10,22.55
2024,2,10,23.06
2024,3,10,23.21
2024,4,10,23.38
2024,5,10,23.47
2024,6,10,23.59
2024,7,10,24.03
2024,8,10,24.32
2024,9,10,24.27
2024,10,10,24.26
2024,11,10,24.39
2024,12,10,24.42
2025,1,10,24.7
2025,2,10,24.69
2025,3,10,24.05
2025,4,10,23.86
2017,1,11,16.03
2017,2,11,16.02
2017,3,11,15.98
2017,4,11,15.99
2017,5,11,15.9
2017,6,11,15.79
2017,7,11,15.71
2017,8,11,15.78
2017,9,11,16.01
2017,10,11,16.14
2017,11,11,16.22
2017,12,11,16.35
2018,1,11,16.92
2018,2,11,17.53
2018,3,11,17.76
2018,4,11,17.86
2018,5,11,18.04
2018,6,11,18.3
2018,7,11,18.73
2018,8,11,19.25
2018,9,11,19.47
2018,10,11,19.66
2018,11,11,19.56
2018,12,11,19.23
2019,1,11,19.05
2019,2,11,19.62
2019,3,11,20.08
2019,4,11,19.88
2019,5,11,19.83
2019,6,11,19.64
2019,7,11,19.77
2019,8,11,19.7
2019,9,11,19.9
2019,10,11,19.81
2019,11,11,19.88
2019,12,11,20.03
2020,1,11,20.15
2020,2,11,20.01
2020,3,11,18.29
2020,4,11,15.74
2020,5,11,17.09
2020,6,11,18.49
2020,7,11,19.43
2020,8,11,19.52
2020,9,11,19.45
2020,10,11,19.36
2020,11,11,18.88
2020,12,11,19.1
2021,1,11,20.04
2021,2,11,20.76
2021,3,11,20.98
2021,4,11,21.16
2021,5,11,21.35
2021,6,11,21.47
2021,7,11,21.52
2021,8,11,21.6
2021,9,11,21.67
2021,10,11,21.7
2021,11,11,21.61
2021,12,11,21.79
2022,1,11,22.04
2022,2,11,22.19
2022,3,11,22.43
2022,4,11,22.41
2022,5,11,22.59
2022,6,11,22.71
2022,7,11,22.86
2022,8,11,22.87
2022,9,11,22.9
2022,10,11,23.12
2022,11,11,23.01
2022,12,11,22.92
2023,1,11,23.18
2023,2,11,23.3
2023,3,11,23.39
2023,4,11,23.36
2023,5,11,23.45
2023,6,11,23.39
2023,7,11,23.36
2023,8,11,23.6
2023,9,11,23.52
2023,10,11,23.57
2023,11,11,23.6
2023,12,11,23.54
2024,1,11,23.82
2024,2,11,24.32
2024,3,11,24.34
2024,4,11,24.57
2024,5,11,24.57
2024,6,11,24.68
2024,7,11,24.89
2024,8,11,25
2024,9,11,24.76
2024,10,11,24.93
2024,11,11,24.97
2024,12,11,24.94
2025,1,11,25.22
2025,2,11,25.16
2025,3,11,24.07
2025,4,11,23.92
2017,1,12,15.85
2017,2,12,15.89
2017,3,12,15.78
2017,4,12,15.81
2017,5,12,15.72
2017,6,12,15.61
2017,7,12,15.52
2017,8,12,15.59
2017,9,12,15.82
2017,10,12,15.94
2017,11,12,16.03
2017,12,12,16.1
2018,1,12,16.62
2018,2,12,17.22
2018,3,12,17.44
2018,4,12,17.51
2018,5,12,17.68
2018,6,12,17.9
2018,7,12,18.3
2018,8,12,18.85
2018,9,12,19.06
2018,10,12,19.23
2018,11,12,19.16
2018,12,12,18.82
2019,1,12,18.67
2019,2,12,19.17
2019,3,12,19.54
2019,4,12,19.37
2019,5,12,19.29
2019,6,12,19.12
2019,7,12,19.26
2019,8,12,19.04
2019,9,12,19.09
2019,10,12,18.96
2019,11,12,18.97
2019,12,12,19.09
2020,1,12,19.15
2020,2,12,19
2020,3,12,17.07
2020,4,12,14.31
2020,5,12,15.76
2020,6,12,17.28
2020,7,12,18.4
2020,8,12,18.34
2020,9,12,18.22
2020,10,12,17.99
2020,11,12,17.23
2020,12,12,17.58
2021,1,12,18.76
2021,2,12,19.66
2021,3,12,19.91
2021,4,12,19.83
2021,5,12,19.83
2021,6,12,19.86
2021,7,12,19.82
2021,8,12,19.88
2021,9,12,19.86
2021,10,12,19.78
2021,11,12,19.69
2021,12,12,19.94
2022,1,12,20.38
2022,2,12,20.53
2022,3,12,20.89
2022,4,12,21.05
2022,5,12,21.2
2022,6,12,21.23
2022,7,12,21.33
2022,8,12,21.38
2022,9,12,21.25
2022,10,12,21.51
2022,11,12,21.22
2022,12,12,20.96
2023,1,12,21.37
2023,2,12,21.37
2023,3,12,21.43
2023,4,12,21.54
2023,5,12,21.51
2023,6,12,21.55
2023,7,12,21.7
2023,8,12,21.84
2023,9,12,21.81
2023,10,12,21.76
2023,11,12,21.78
2023,12,12,21.73
2024,1,12,22.11
2024,2,12,22.97
2024,3,12,23.06
2024,4,12,23.19
2024,5,12,23.25
2024,6,12,23.41
2024,7,12,23.64
2024,8,12,23.83
2024,9,12,23.64
2024,10,12,23.73
2024,11,12,23.79
2024,12,12,23.78
2025,1,12,24.17
2025,2,12,24.03
2025,3,12,23.76
2025,4,12,23.68
2017,1,13,16.46
2017,2,13,16.44
2017,3,13,16.36
2017,4,13,16.36
2017,5,13,16.24
2017,6,13,16.12
2017,7,13,16.03
2017,8,13,16.09
2017,9,13,16.32
2017,10,13,16.44
2017,11,13,16.52
2017,12,13,16.67
2018,1,13,17.29
2018,2,13,18.09
2018,3,13,18.33
2018,4,13,18.42
2018,5,13,18.65
2018,6,13,18.94
2018,7,13,19.22
2018,8,13,19.63
2018,9,13,19.89
2018,10,13,20.14
2018,11,13,20.19
2018,12,13,19.95
2019,1,13,19.9
2019,2,13,20.31
2019,3,13,20.78
2019,4,13,20.66
2019,5,13,20.66
2019,6,13,20.52
2019,7,13,20.53
2019,8,13,20.38
2019,9,13,20.37
2019,10,13,20.35
2019,11,13,20.34
2019,12,13,20.47
2020,1,13,20.58
2020,2,13,20.43
2020,3,13,18.87
2020,4,13,16.02
2020,5,13,17.06
2020,6,13,18.37
2020,7,13,19.39
2020,8,13,19.35
2020,9,13,19.21
2020,10,13,19.04
2020,11,13,18.29
2020,12,13,18.44
2021,1,13,19.42
2021,2,13,20.21
2021,3,13,20.69
2021,4,13,20.73
2021,5,13,20.78
2021,6,13,20.78
2021,7,13,20.7
2021,8,13,20.61
2021,9,13,20.54
2021,10,13,20.45
2021,11,13,20.44
2021,12,13,20.78
2022,1,13,21.17
2022,2,13,21.35
2022,3,13,21.92
2022,4,13,22.13
2022,5,13,22.34
2022,6,13,22.59
2022,7,13,22.54
2022,8,13,22.52
2022,9,13,22.17
2022,10,13,22.41
2022,11,13,22.36
2022,12,13,22.08
2023,1,13,22.32
2023,2,13,22.39
2023,3,13,22.51
2023,4,13,22.63
2023,5,13,22.39
2023,6,13,22.45
2023,7,13,22.65
2023,8,13,22.89
2023,9,13,23.02
2023,10,13,22.97
2023,11,13,22.84
2023,12,13,22.69
2024,1,13,23
2024,2,13,23.76
2024,3,13,23.95
2024,4,13,24.16
2024,5,13,24.23
2024,6,13,24.43
2024,7,13,24.77
2024,8,13,24.8
2024,9,13,24.65
2024,10,13,24.49
2024,11,13,24.25
2024,12,13,24.17
2025,1,13,24.69
2025,2,13,24.54
2025,3,13,24.04
2025,4,13,23.93
2017,1,14,16.22
2017,2,14,16.22
2017,3,14,16.14
2017,4,14,16.16
2017,5,14,16.07
2017,6,14,15.97
2017,7,14,15.89
2017,8,14,15.97
2017,9,14,16.19
2017,10,14,16.32
2017,11,14,16.4
2017,12,14,16.56
2018,1,14,17.19
2018,2,14,17.9
2018,3,14,18.11
2018,4,14,18.2
2018,5,14,18.36
2018,6,14,18.6
2018,7,14,19.03
2018,8,14,19.56
2018,9,14,19.76
2018,10,14,19.96
2018,11,14,19.91
2018,12,14,19.61
2019,1,14,19.54
2019,2,14,20.32
2019,3,14,20.68
2019,4,14,20.29
2019,5,14,20.06
2019,6,14,19.85
2019,7,14,19.93
2019,8,14,19.89
2019,9,14,19.96
2019,10,14,19.87
2019,11,14,19.95
2019,12,14,20.06
2020,1,14,20.14
2020,2,14,20.02
2020,3,14,17.92
2020,4,14,15.39
2020,5,14,16.97
2020,6,14,18.4
2020,7,14,19.21
2020,8,14,19.12
2020,9,14,19.01
2020,10,14,18.87
2020,11,14,18.15
2020,12,14,18.46
2021,1,14,19.63
2021,2,14,20.4
2021,3,14,20.58
2021,4,14,20.64
2021,5,14,20.73
2021,6,14,20.84
2021,7,14,20.81
2021,8,14,20.8
2021,9,14,20.76
2021,10,14,20.8
2021,11,14,20.65
2021,12,14,20.93
2022,1,14,21.22
2022,2,14,21.45
2022,3,14,21.73
2022,4,14,21.81
2022,5,14,21.78
2022,6,14,21.97
2022,7,14,22.14
2022,8,14,22.21
2022,9,14,22.13
2022,10,14,22.32
2022,11,14,22.14
2022,12,14,22.03
2023,1,14,22.41
2023,2,14,22.46
2023,3,14,22.48
2023,4,14,22.5
2023,5,14,22.53
2023,6,14,22.58
2023,7,14,22.75
2023,8,14,22.83
2023,9,14,22.78
2023,10,14,22.82
2023,11,14,22.83
2023,12,14,22.74
2024,1,14,23.05
2024,2,14,23.94
2024,3,14,24.05
2024,4,14,24.15
2024,5,14,24.16
2024,6,14,24.33
2024,7,14,24.59
2024,8,14,24.79
2024,9,14,24.64
2024,10,14,24.73
2024,11,14,24.82
2024,12,14,24.86
2025,1,14,25.12
2025,2,14,25.02
2025,3,14,24.07
2025,4,14,23.93
2017,1,15,15.91
2017,2,15,15.88
2017,3,15,15.81
2017,4,15,15.84
2017,5,15,15.75
2017,6,15,15.65
2017,7,15,15.56
2017,8,15,15.63
2017,9,15,15.85
2017,10,15,15.98
2017,11,15,16.07
2017,12,15,16.18
2018,1,15,16.78
2018,2,15,17.43
2018,3,15,17.66
2018,4,15,17.75
2018,5,15,17.92
2018,6,15,18.16
2018,7,15,18.56
2018,8,15,19.12
2018,9,15,19.34
2018,10,15,19.53
2018,11,15,19.51
2018,12,15,19.29
2019,1,15,19.08
2019,2,15,19.44
2019,3,15,19.82
2019,4,15,19.71
2019,5,15,19.65
2019,6,15,19.51
2019,7,15,19.55
2019,8,15,19.44
2019,9,15,19.44
2019,10,15,19.34
2019,11,15,19.32
2019,12,15,19.47
2020,1,15,19.59
2020,2,15,19.54
2020,3,15,17.96
2020,4,15,14.86
2020,5,15,16.18
2020,6,15,17.65
2020,7,15,18.61
2020,8,15,18.58
2020,9,15,18.48
2020,10,15,18.28
2020,11,15,17.57
2020,12,15,17.82
2021,1,15,18.96
2021,2,15,19.81
2021,3,15,20.01
2021,4,15,19.97
2021,5,15,19.97
2021,6,15,20.03
2021,7,15,20.2
2021,8,15,20.26
2021,9,15,20.15
2021,10,15,20.08
2021,11,15,19.97
2021,12,15,20.19
2022,1,15,20.56
2022,2,15,20.76
2022,3,15,21.09
2022,4,15,21.18
2022,5,15,21.23
2022,6,15,21.28
2022,7,15,21.42
2022,8,15,21.47
2022,9,15,21.36
2022,10,15,21.58
2022,11,15,21.4
2022,12,15,21.19
2023,1,15,21.49
2023,2,15,21.54
2023,3,15,21.63
2023,4,15,21.8
2023,5,15,21.81
2023,6,15,21.91
2023,7,15,21.98
2023,8,15,22.14
2023,9,15,22.1
2023,10,15,22.07
2023,11,15,22.11
2023,12,15,22.02
2024,1,15,22.33
2024,2,15,23.21
2024,3,15,23.34
2024,4,15,23.4
2024,5,15,23.48
2024,6,15,23.56
2024,7,15,23.84
2024,8,15,23.98
2024,9,15,23.82
2024,10,15,23.89
2024,11,15,23.95
2024,12,15,23.99
2025,1,15,24.32
2025,2,15,24.23
2025,3,15,23.85
2025,4,15,23.83
2017,1,16,16.16
2017,2,16,16.13
2017,3,16,16.05
2017,4,16,16.06
2017,5,16,15.94
2017,6,16,15.83
2017,7,16,15.74
2017,8,16,15.8
2017,9,16,16.03
2017,10,16,16.15
2017,11,16,16.23
2017,12,16,16.35
2018,1,16,16.91
2018,2,16,17.62
2018,3,16,17.86
2018,4,16,17.96
2018,5,16,18.18
2018,6,16,18.45
2018,7,16,18.75
2018,8,16,19.15
2018,9,16,19.38
2018,10,16,19.6
2018,11,16,19.59
2018,12,16,19.39
2019,1,16,19.39
2019,2,16,19.76
2019,3,16,20.3
2019,4,16,20.21
2019,5,16,20.16
2019,6,16,19.98
2019,7,16,20
2019,8,16,19.84
2019,9,16,19.83
2019,10,16,19.75
2019,11,16,19.77
2019,12,16,19.93
2020,1,16,20.03
2020,2,16,19.89
2020,3,16,18.14
2020,4,16,14.95
2020,5,16,16.35
2020,6,16,17.76
2020,7,16,18.78
2020,8,16,18.74
2020,9,16,18.58
2020,10,16,18.37
2020,11,16,17.58
2020,12,16,17.83
2021,1,16,18.97
2021,2,16,19.92
2021,3,16,20.26
2021,4,16,20.21
2021,5,16,20.28
2021,6,16,20.32
2021,7,16,20.22
2021,8,16,20.22
2021,9,16,20.15
2021,10,16,20.01
2021,11,16,19.97
2021,12,16,20.3
2022,1,16,20.65
2022,2,16,20.81
2022,3,16,21.31
2022,4,16,21.47
2022,5,16,21.7
2022,6,16,21.91
2022,7,16,21.87
2022,8,16,21.88
2022,9,16,21.59
2022,10,16,21.81
2022,11,16,21.75
2022,12,16,21.51
2023,1,16,21.72
2023,2,16,21.74
2023,3,16,21.89
2023,4,16,22.11
2023,5,16,21.93
2023,6,16,21.94
2023,7,16,22
2023,8,16,22.11
2023,9,16,22.3
2023,10,16,22.23
2023,11,16,22.09
2023,12,16,21.93
2024,1,16,22.08
2024,2,16,22.78
2024,3,16,22.92
2024,4,16,23.14
2024,5,16,23.39
2024,6,16,23.44
2024,7,16,23.7
2024,8,16,23.85
2024,9,16,23.65
2024,10,16,23.61
2024,11,16,23.56
2024,12,16,23.64
2025,1,16,24.11
2025,2,16,24.01
2025,3,16,23.76
2025,4,16,23.71
2017,1,18,16.31
2017,2,18,16.29
2017,3,18,16.23
2017,4,18,16.25
2017,5,18,16.16
2017,6,18,16.07
2017,7,18,15.99
2017,8,18,16.06
2017,9,18,16.28
2017,10,18,16.4
2017,11,18,16.49
2017,12,18,16.71
2018,1,18,17.3
2018,2,18,17.95
2018,3,18,18.19
2018,4,18,18.3
2018,5,18,18.47
2018,6,18,18.69
2018,7,18,19.11
2018,8,18,19.65
2018,9,18,19.89
2018,10,18,20.09
2018,11,18,20.13
2018,12,18,19.98
2019,1,18,19.94
2019,2,18,20.33
2019,3,18,20.79
2019,4,18,20.69
2019,5,18,20.59
2019,6,18,20.36
2019,7,18,20.27
2019,8,18,20.16
2019,9,18,20.25
2019,10,18,20.14
2019,11,18,20.16
2019,12,18,20.29
2020,1,18,20.25
2020,2,18,20.26
2020,3,18,19.2
2020,4,18,16.48
2020,5,18,17.34
2020,6,18,18.63
2020,7,18,19.38
2020,8,18,19.3
2020,9,18,19.24
2020,10,18,19
2020,11,18,18.31
2020,12,18,18.51
2021,1,18,19.52
2021,2,18,20.25
2021,3,18,20.53
2021,4,18,20.68
2021,5,18,20.79
2021,6,18,20.79
2021,7,18,20.86
2021,8,18,20.86
2021,9,18,20.78
2021,10,18,20.69
2021,11,18,20.57
2021,12,18,20.79
2022,1,18,21.3
2022,2,18,21.47
2022,3,18,21.79
2022,4,18,22.02
2022,5,18,22.05
2022,6,18,22.17
2022,7,18,22.38
2022,8,18,22.55
2022,9,18,22.38
2022,10,18,22.41
2022,11,18,22.24
2022,12,18,22.06
2023,1,18,22.5
2023,2,18,22.65
2023,3,18,22.61
2023,4,18,22.97
2023,5,18,22.42
2023,6,18,22.32
2023,7,18,22.84
2023,8,18,23.01
2023,9,18,22.99
2023,10,18,23.1
2023,11,18,23.1
2023,12,18,22.53
2024,1,18,23.24
2024,2,18,23.87
2024,3,18,24.41
2024,4,18,24.62
2024,5,18,24.5
2024,6,18,24.61
2024,7,18,25.03
2024,8,18,25.03
2024,9,18,24.67
2024,10,18,24.83
2024,11,18,25.11
2024,12,18,25.17
2025,1,18,25.55
2025,2,18,25.36
2025,3,18,24.21
2025,4,18,24.02
2017,1,19,16.28
2017,2,19,16.26
2017,3,19,16.18
2017,4,19,16.18
2017,5,19,16.06
2017,6,19,15.93
2017,7,19,15.88
2017,8,19,16
2017,9,19,16.25
2017,10,19,16.42
2017,11,19,16.56
2017,12,19,16.72
2018,1,19,17.16
2018,2,19,17.72
2018,3,19,17.93
2018,4,19,18
2018,5,19,18.23
2018,6,19,18.56
2018,7,19,18.87
2018,8,19,19.39
2018,9,19,19.66
2018,10,19,19.85
2018,11,19,19.78
2018,12,19,19.34
2019,1,19,19.07
2019,2,19,19.48
2019,3,19,20.23
2019,4,19,19.81
2019,5,19,19.92
2019,6,19,19.65
2019,7,19,19.77
2019,8,19,19.73
2019,9,19,19.86
2019,10,19,19.82
2019,11,19,19.81
2019,12,19,19.88
2020,1,19,19.98
2020,2,19,19.92
2020,3,19,18.3
2020,4,19,15.91
2020,5,19,16.61
2020,6,19,17.69
2020,7,19,18.8
2020,8,19,19.02
2020,9,19,19.07
2020,10,19,19.02
2020,11,19,18.53
2020,12,19,18.71
2021,1,19,19.51
2021,2,19,20.21
2021,3,19,20.83
2021,4,19,21.07
2021,5,19,21.2
2021,6,19,21.3
2021,7,19,21.38
2021,8,19,21.27
2021,9,19,21.06
2021,10,19,21.09
2021,11,19,21.08
2021,12,19,21.15
2022,1,19,21.57
2022,2,19,21.96
2022,3,19,22.39
2022,4,19,22.65
2022,5,19,22.85
2022,6,19,23.09
2022,7,19,22.86
2022,8,19,22.96
2022,9,19,22.74
2022,10,19,22.98
2022,11,19,23.11
2022,12,19,22.73
2023,1,19,22.93
2023,2,19,23.17
2023,3,19,23.33
2023,4,19,23.6
2023,5,19,23.46
2023,6,19,23.19
2023,7,19,23.33
2023,8,19,23.47
2023,9,19,23.44
2023,10,19,23.36
2023,11,19,23.04
2023,12,19,23.23
2024,1,19,23.23
2024,2,19,23.99
2024,3,19,24.08
2024,4,19,24.36
2024,5,19,24.54
2024,6,19,24.73
2024,7,19,24.98
2024,8,19,25.16
2024,9,19,24.88
2024,10,19,24.59
2024,11,19,24.53
2024,12,19,24.59
2025,1,19,24.74
2025,2,19,24.66
2025,3,19,24.17
2025,4,19,23.91
2017,1,20,15.86
2017,2,20,15.86
2017,3,20,15.77
2017,4,20,15.79
2017,5,20,15.7
2017,6,20,15.6
2017,7,20,15.51
2017,8,20,15.59
2017,9,20,15.81
2017,10,20,15.93
2017,11,20,16.01
2017,12,20,16.18
2018,1,20,16.78
2018,2,20,17.38
2018,3,20,17.64
2018,4,20,17.75
2018,5,20,17.91
2018,6,20,18.15
2018,7,20,18.54
2018,8,20,19.09
2018,9,20,19.32
2018,10,20,19.52
2018,11,20,19.51
2018,12,20,19.26
2019,1,20,19.06
2019,2,20,19.55
2019,3,20,20.1
2019,4,20,20.12
2019,5,20,20.11
2019,6,20,19.98
2019,7,20,20.1
2019,8,20,20.06
2019,9,20,20.14
2019,10,20,20.1
2019,11,20,20.08
2019,12,20,20.15
2020,1,20,20.14
2020,2,20,20.13
2020,3,20,18.53
2020,4,20,16.17
2020,5,20,17.11
2020,6,20,18.41
2020,7,20,19.33
2020,8,20,19.37
2020,9,20,19.34
2020,10,20,19.3
2020,11,20,18.86
2020,12,20,19.14
2021,1,20,20.08
2021,2,20,20.8
2021,3,20,21.01
2021,4,20,21.05
2021,5,20,21.09
2021,6,20,21.17
2021,7,20,21.31
2021,8,20,21.39
2021,9,20,21.35
2021,10,20,21.28
2021,11,20,21.15
2021,12,20,21.25
2022,1,20,21.64
2022,2,20,21.71
2022,3,20,22.03
2022,4,20,22.13
2022,5,20,22.21
2022,6,20,22.25
2022,7,20,22.39
2022,8,20,22.5
2022,9,20,22.5
2022,10,20,22.67
2022,11,20,22.62
2022,12,20,22.5
2023,1,20,22.78
2023,2,20,22.89
2023,3,20,22.82
2023,4,20,22.9
2023,5,20,22.94
2023,6,20,22.93
2023,7,20,22.99
2023,8,20,23.14
2023,9,20,23.22
2023,10,20,23.26
2023,11,20,23.35
2023,12,20,23.37
2024,1,20,23.42
2024,2,20,23.86
2024,3,20,24.1
2024,4,20,24.27
2024,5,20,24.33
2024,6,20,24.42
2024,7,20,24.6
2024,8,20,24.8
2024,9,20,24.78
2024,10,20,24.79
2024,11,20,24.85
2024,12,20,24.95
2025,1,20,25.13
2025,2,20,25.07
2025,3,20,24.17
2025,4,20,24.06
2017,1,21,15.86
2017,2,21,15.86
2017,3,21,15.77
2017,4,21,15.79
2017,5,21,15.69
2017,6,21,15.58
2017,7,21,15.5
2017,8,21,15.57
2017,9,21,15.79
2017,10,21,15.91
2017,11,21,15.99
2017,12,21,16.11
2018,1,21,16.66
2018,2,21,17.35
2018,3,21,17.58
2018,4,21,17.67
2018,5,21,17.82
2018,6,21,18.03
2018,7,21,18.42
2018,8,21,18.96
2018,9,21,19.21
2018,10,21,19.41
2018,11,21,19.41
2018,12,21,19.16
2019,1,21,18.85
2019,2,21,19.07
2019,3,21,19.59
2019,4,21,19.37
2019,5,21,19.26
2019,6,21,19.16
2019,7,21,19.25
2019,8,21,19.18
2019,9,21,19.28
2019,10,21,19.27
2019,11,21,19.28
2019,12,21,19.36
2020,1,21,19.43
2020,2,21,19.34
2020,3,21,17.64
2020,4,21,14.6
2020,5,21,15.86
2020,6,21,17.33
2020,7,21,18.34
2020,8,21,18.25
2020,9,21,18.11
2020,10,21,17.98
2020,11,21,17.31
2020,12,21,17.58
2021,1,21,18.69
2021,2,21,19.57
2021,3,21,19.86
2021,4,21,19.89
2021,5,21,19.91
2021,6,21,19.92
2021,7,21,20.02
2021,8,21,20.01
2021,9,21,19.86
2021,10,21,19.71
2021,11,21,19.63
2021,12,21,19.86
2022,1,21,20.3
2022,2,21,20.49
2022,3,21,20.91
2022,4,21,21.09
2022,5,21,21.2
2022,6,21,21.22
2022,7,21,21.4
2022,8,21,21.43
2022,9,21,21.26
2022,10,21,21.54
2022,11,21,21.36
2022,12,21,21.06
2023,1,21,21.4
2023,2,21,21.41
2023,3,21,21.46
2023,4,21,21.56
2023,5,21,21.55
2023,6,21,21.61
2023,7,21,21.74
2023,8,21,21.99
2023,9,21,21.92
2023,10,21,21.87
2023,11,21,21.91
2023,12,21,21.77
2024,1,21,22.05
2024,2,21,22.82
2024,3,21,22.94
2024,4,21,23.05
2024,5,21,23.13
2024,6,21,23.22
2024,7,21,23.6
2024,8,21,23.8
2024,9,21,23.61
2024,10,21,23.62
2024,11,21,23.74
2024,12,21,23.69
2025,1,21,24.01
2025,2,21,23.87
2025,3,21,23.7
2025,4,21,23.65
2017,1,22,16.04
2017,2,22,16.02
2017,3,22,15.95
2017,4,22,15.98
2017,5,22,15.89
2017,6,22,15.78
2017,7,22,15.7
2017,8,22,15.76
2017,9,22,15.99
2017,10,22,16.11
2017,11,22,16.2
2017,12,22,16.31
2018,1,22,16.88
2018,2,22,17.53
2018,3,22,17.8
2018,4,22,17.91
2018,5,22,18.09
2018,6,22,18.35
2018,7,22,18.72
2018,8,22,19.25
2018,9,22,19.51
2018,10,22,19.69
2018,11,22,19.7
2018,12,22,19.53
2019,1,22,19.61
2019,2,22,19.89
2019,3,22,20.18
2019,4,22,20.06
2019,5,22,19.94
2019,6,22,19.75
2019,7,22,19.79
2019,8,22,19.7
2019,9,22,19.74
2019,10,22,19.69
2019,11,22,19.71
2019,12,22,19.79
2020,1,22,19.83
2020,2,22,19.74
2020,3,22,17.91
2020,4,22,14.79
2020,5,22,16.13
2020,6,22,17.63
2020,7,22,18.69
2020,8,22,18.63
2020,9,22,18.5
2020,10,22,18.25
2020,11,22,17.27
2020,12,22,17.57
2021,1,22,18.73
2021,2,22,19.63
2021,3,22,19.82
2021,4,22,19.84
2021,5,22,19.91
2021,6,22,19.92
2021,7,22,19.98
2021,8,22,19.9
2021,9,22,19.83
2021,10,22,19.64
2021,11,22,19.5
2021,12,22,19.8
2022,1,22,20.25
2022,2,22,20.45
2022,3,22,20.94
2022,4,22,21.18
2022,5,22,21.37
2022,6,22,21.44
2022,7,22,21.5
2022,8,22,21.49
2022,9,22,21.24
2022,10,22,21.43
2022,11,22,21.15
2022,12,22,20.87
2023,1,22,21.18
2023,2,22,21.06
2023,3,22,21.14
2023,4,22,21.2
2023,5,22,21.25
2023,6,22,21.33
2023,7,22,21.52
2023,8,22,21.8
2023,9,22,21.68
2023,10,22,21.67
2023,11,22,21.73
2023,12,22,21.7
2024,1,22,21.98
2024,2,22,22.61
2024,3,22,22.75
2024,4,22,22.89
2024,5,22,22.98
2024,6,22,23.2
2024,7,22,23.58
2024,8,22,23.79
2024,9,22,23.57
2024,10,22,23.6
2024,11,22,23.72
2024,12,22,23.62
2025,1,22,23.98
2025,2,22,23.92
2025,3,22,23.66
2025,4,22,23.61
2017,1,23,15.89
2017,2,23,15.87
2017,3,23,15.79
2017,4,23,15.81
2017,5,23,15.72
2017,6,23,15.62
2017,7,23,15.55
2017,8,23,15.62
2017,9,23,15.84
2017,10,23,15.97
2017,11,23,16.04
2017,12,23,16.2
2018,1,23,16.75
2018,2,23,17.25
2018,3,23,17.42
2018,4,23,17.47
2018,5,23,17.63
2018,6,23,17.87
2018,7,23,18.27
2018,8,23,18.99
2018,9,23,19.33
2018,10,23,19.5
2018,11,23,19.45
2018,12,23,19.13
2019,1,23,18.83
2019,2,23,19.56
2019,3,23,20.08
2019,4,23,19.66
2019,5,23,19.57
2019,6,23,19.39
2019,7,23,19.63
2019,8,23,19.62
2019,9,23,19.78
2019,10,23,19.68
2019,11,23,19.67
2019,12,23,19.86
2020,1,23,19.97
2020,2,23,19.85
2020,3,23,18.38
2020,4,23,16.16
2020,5,23,16.91
2020,6,23,18.45
2020,7,23,19.3
2020,8,23,19.39
2020,9,23,19.53
2020,10,23,19.57
2020,11,23,19.01
2020,12,23,19.21
2021,1,23,20.08
2021,2,23,20.81
2021,3,23,21.01
2021,4,23,21.13
2021,5,23,21.18
2021,6,23,21.16
2021,7,23,21.18
2021,8,23,21.31
2021,9,23,21.28
2021,10,23,21.33
2021,11,23,21.22
2021,12,23,21.34
2022,1,23,21.71
2022,2,23,22.05
2022,3,23,22.38
2022,4,23,22.53
2022,5,23,22.69
2022,6,23,22.77
2022,7,23,22.92
2022,8,23,23.07
2022,9,23,22.95
2022,10,23,23.18
2022,11,23,23.15
2022,12,23,22.92
2023,1,23,23.17
2023,2,23,23.33
2023,3,23,23.39
2023,4,23,23.51
2023,5,23,23.49
2023,6,23,23.57
2023,7,23,23.61
2023,8,23,23.71
2023,9,23,23.76
2023,10,23,23.78
2023,11,23,23.69
2023,12,23,23.61
2024,1,23,23.78
2024,2,23,24.51
2024,3,23,24.6
2024,4,23,25.01
2024,5,23,25.12
2024,6,23,25.02
2024,7,23,25.1
2024,8,23,25.31
2024,9,23,25.24
2024,10,23,25.15
2024,11,23,25.13
2024,12,23,25.08
2025,1,23,25.56
2025,2,23,25.57
2025,3,23,24.85
2025,4,23,24.57
2017,1,24,15.85
2017,2,24,15.82
2017,3,24,15.76
2017,4,24,15.78
2017,5,24,15.69
2017,6,24,15.59
2017,7,24,15.5
2017,8,24,15.58
2017,9,24,15.8
2017,10,24,15.93
2017,11,24,16.01
2017,12,24,16.2
2018,1,24,16.85
2018,2,24,17.57
2018,3,24,17.79
2018,4,24,17.86
2018,5,24,18.03
2018,6,24,18.25
2018,7,24,18.56
2018,8,24,19.04
2018,9,24,19.3
2018,10,24,19.52
2018,11,24,19.47
2018,12,24,19.17
2019,1,24,18.92
2019,2,24,19.36
2019,3,24,19.77
2019,4,24,19.52
2019,5,24,19.45
2019,6,24,19.31
2019,7,24,19.31
2019,8,24,19.17
2019,9,24,19.36
2019,10,24,19.33
2019,11,24,19.37
2019,12,24,19.5
2020,1,24,19.61
2020,2,24,19.5
2020,3,24,17.52
2020,4,24,14.57
2020,5,24,16.28
2020,6,24,17.75
2020,7,24,18.52
2020,8,24,18.41
2020,9,24,18.41
2020,10,24,18.34
2020,11,24,17.66
2020,12,24,18.06
2021,1,24,19.14
2021,2,24,19.92
2021,3,24,20.13
2021,4,24,20.26
2021,5,24,20.37
2021,6,24,20.46
2021,7,24,20.49
2021,8,24,20.53
2021,9,24,20.54
2021,10,24,20.56
2021,11,24,20.54
2021,12,24,20.68
2022,1,24,21.07
2022,2,24,21.25
2022,3,24,21.59
2022,4,24,21.76
2022,5,24,21.93
2022,6,24,22.04
2022,7,24,22.09
2022,8,24,22.15
2022,9,24,22.05
2022,10,24,22.27
2022,11,24,22.01
2022,12,24,21.97
2023,1,24,22.2
2023,2,24,22.19
2023,3,24,22.22
2023,4,24,22.15
2023,5,24,22.3
2023,6,24,22.37
2023,7,24,22.36
2023,8,24,22.41
2023,9,24,22.48
2023,10,24,22.46
2023,11,24,22.45
2023,12,24,22.43
2024,1,24,22.65
2024,2,24,23.29
2024,3,24,23.5
2024,4,24,23.68
2024,5,24,23.75
2024,6,24,23.86
2024,7,24,24.09
2024,8,24,24.25
2024,9,24,24.26
2024,10,24,24.34
2024,11,24,24.42
2024,12,24,24.38
2025,1,24,24.72
2025,2,24,24.61
2025,3,24,24.08
2025,4,24,23.98
2017,1,25,16.12
2017,2,25,16.09
2017,3,25,16.02
2017,4,25,16.04
2017,5,25,15.95
2017,6,25,15.85
2017,7,25,15.77
2017,8,25,15.84
2017,9,25,16.07
2017,10,25,16.2
2017,11,25,16.34
2017,12,25,16.53
2018,1,25,17.09
2018,2,25,17.64
2018,3,25,17.89
2018,4,25,18.05
2018,5,25,18.26
2018,6,25,18.51
2018,7,25,18.91
2018,8,25,19.47
2018,9,25,19.72
2018,10,25,19.91
2018,11,25,19.93
2018,12,25,19.81
2019,1,25,19.54
2019,2,25,19.84
2019,3,25,20.21
2019,4,25,20.03
2019,5,25,20
2019,6,25,19.84
2019,7,25,19.95
2019,8,25,19.85
2019,9,25,19.86
2019,10,25,19.8
2019,11,25,19.79
2019,12,25,19.88
2020,1,25,19.97
2020,2,25,19.85
2020,3,25,17.88
2020,4,25,15.68
2020,5,25,17.39
2020,6,25,18.62
2020,7,25,19.4
2020,8,25,19.23
2020,9,25,19.22
2020,10,25,19.06
2020,11,25,18.25
2020,12,25,18.25
2021,1,25,19.18
2021,2,25,19.73
2021,3,25,20.38
2021,4,25,20.66
2021,5,25,20.73
2021,6,25,20.67
2021,7,25,20.47
2021,8,25,20.51
2021,9,25,20.56
2021,10,25,20.49
2021,11,25,20.52
2021,12,25,20.56
2022,1,25,20.98
2022,2,25,21.26
2022,3,25,21.85
2022,4,25,22.13
2022,5,25,21.89
2022,6,25,21.79
2022,7,25,22.31
2022,8,25,22.53
2022,9,25,22.54
2022,10,25,22.61
2022,11,25,22.32
2022,12,25,22.08
2023,1,25,22.39
2023,2,25,22.14
2023,3,25,22.34
2023,4,25,22.42
2023,5,25,22.43
2023,6,25,22.28
2023,7,25,22.51
2023,8,25,23.02
2023,9,25,23.09
2023,10,25,22.86
2023,11,25,22.61
2023,12,25,22.37
2024,1,25,22.98
2024,2,25,23.49
2024,3,25,23.74
2024,4,25,24.19
2024,5,25,24.36
2024,6,25,24.38
2024,7,25,24.71
2024,8,25,24.84
2024,9,25,24.96
2024,10,25,24.4
2024,11,25,24.56
2024,12,25,24.94
2025,1,25,25.06
2025,2,25,24.76
2025,3,25,23.94
2025,4,25,23.87
2017,1,26,16.12
2017,2,26,16.14
2017,3,26,15.77
2017,4,26,15.67
2017,5,26,15.57
2017,6,26,15.45
2017,7,26,15.33
2017,8,26,15.4
2017,9,26,15.63
2017,10,26,15.79
2017,11,26,15.92
2017,12,26,16.05
2018,1,26,16.43
2018,2,26,16.98
2018,3,26,17.22
2018,4,26,17.37
2018,5,26,17.64
2018,6,26,17.8
2018,7,26,18.19
2018,8,26,18.71
2018,9,26,18.95
2018,10,26,19.13
2018,11,26,19.13
2018,12,26,18.93
2019,1,26,18.29
2019,2,26,18.84
2019,3,26,19.34
2019,4,26,19.09
2019,5,26,19.1
2019,6,26,18.97
2019,7,26,18.96
2019,8,26,18.62
2019,9,26,18.83
2019,10,26,19.13
2019,11,26,18.8
2019,12,26,18.99
2020,1,26,18.8
2020,2,26,18.95
2020,3,26,17.85
2020,4,26,15.47
2020,5,26,16.88
2020,6,26,18.38
2020,7,26,19.14
2020,8,26,18.94
2020,9,26,18.85
2020,10,26,18.8
2020,11,26,17.98
2020,12,26,17.96
2021,1,26,18.91
2021,2,26,19.72
2021,3,26,20.08
2021,4,26,20
2021,5,26,20.08
2021,6,26,20.18
2021,7,26,20
2021,8,26,20
2021,9,26,19.65
2021,10,26,19.85
2021,11,26,19.99
2021,12,26,19.92
2022,1,26,20.27
2022,2,26,20.67
2022,3,26,21.04
2022,4,26,21.22
2022,5,26,21.22
2022,6,26,21.25
2022,7,26,21.45
2022,8,26,21.67
2022,9,26,21.62
2022,10,26,21.66
2022,11,26,21.72
2022,12,26,21.27
2023,1,26,21.59
2023,2,26,21.64
2023,3,26,21.27
2023,4,26,21.32
2023,5,26,21.81
2023,6,26,22.05
2023,7,26,22.19
2023,8,26,22.66
2023,9,26,22.61
2023,10,26,22.6
2023,11,26,22.41
2023,12,26,21.75
2024,1,26,21.95
2024,2,26,23.08
2024,3,26,23.32
2024,4,26,23.45
2024,5,26,23.27
2024,6,26,23.43
2024,7,26,24.11
2024,8,26,24.07
2024,9,26,23.89
2024,10,26,23.32
2024,11,26,23.48
2024,12,26,23.88
2025,1,26,23.91
2025,2,26,24.15
2025,3,26,23.44
2025,4,26,23.18
2017,1,27,15.57
2017,2,27,15.56
2017,3,27,15.49
2017,4,27,15.52
2017,5,27,15.42
2017,6,27,15.33
2017,7,27,15.25
2017,8,27,15.32
2017,9,27,15.55
2017,10,27,15.67
2017,11,27,15.75
2017,12,27,15.86
2018,1,27,16.42
2018,2,27,17.03
2018,3,27,17.29
2018,4,27,17.42
2018,5,27,17.53
2018,6,27,17.8
2018,7,27,18.15
2018,8,27,18.62
2018,9,27,18.81
2018,10,27,18.97
2018,11,27,18.91
2018,12,27,18.63
2019,1,27,18.15
2019,2,27,18.2
2019,3,27,18.88
2019,4,27,18.73
2019,5,27,18.56
2019,6,27,18.39
2019,7,27,18.45
2019,8,27,18.35
2019,9,27,18.46
2019,10,27,18.39
2019,11,27,18.34
2019,12,27,18.5
2020,1,27,18.62
2020,2,27,18.55
2020,3,27,17.77
2020,4,27,15.08
2020,5,27,15.72
2020,6,27,17.03
2020,7,27,18.06
2020,8,27,18.08
2020,9,27,18.1
2020,10,27,17.88
2020,11,27,17.42
2020,12,27,17.5
2021,1,27,18.62
2021,2,27,19.46
2021,3,27,19.77
2021,4,27,19.87
2021,5,27,19.92
2021,6,27,19.95
2021,7,27,20.01
2021,8,27,20
2021,9,27,20.01
2021,10,27,19.89
2021,11,27,19.79
2021,12,27,19.93
2022,1,27,20.21
2022,2,27,20.36
2022,3,27,20.59
2022,4,27,20.74
2022,5,27,20.97
2022,6,27,21.16
2022,7,27,21.29
2022,8,27,21.37
2022,9,27,21.42
2022,10,27,21.72
2022,11,27,21.65
2022,12,27,21.67
2023,1,27,21.74
2023,2,27,21.61
2023,3,27,21.62
2023,4,27,21.72
2023,5,27,21.65
2023,6,27,21.7
2023,7,27,21.81
2023,8,27,21.94
2023,9,27,21.82
2023,10,27,21.9
2023,11,27,21.87
2023,12,27,21.81
2024,1,27,21.98
2024,2,27,22.63
2024,3,27,22.72
2024,4,27,22.84
2024,5,27,22.93
2024,6,27,23.07
2024,7,27,23.33
2024,8,27,23.44
2024,9,27,23.44
2024,10,27,23.34
2024,11,27,23.36
2024,12,27,23.42
2025,1,27,23.72
2025,2,27,23.75
2025,3,27,23.8
2025,4,27,23.8
2017,1,28,15.16
2017,2,28,15.19
2017,3,28,14.15
2017,4,28,13.87
2017,5,28,13.72
2017,6,28,13.51
2017,7,28,13.33
2017,8,28,13.36
2017,9,28,13.56
2017,10,28,13.68
2017,11,28,13.76
2017,12,28,13.9
2018,1,28,14.4
2018,2,28,15.07
2018,3,28,15.27
2018,4,28,15.4
2018,5,28,15.74
2018,6,28,15.76
2018,7,28,16.04
2018,8,28,16.56
2018,9,28,16.88
2018,10,28,17.07
2018,11,28,16.92
2018,12,28,16.48
2019,1,28,15.96
2019,2,28,16.58
2019,3,28,17.02
2019,4,28,16.62
2019,5,28,16.29
2019,6,28,16.16
2019,7,28,16.27
2019,8,28,15.9
2019,9,28,16.27
2019,10,28,16.39
2019,11,28,16.33
2019,12,28,16.52
2020,1,28,16.7
2020,2,28,16.56
2020,3,28,15.25
2020,4,28,13.15
2020,5,28,13.86
2020,6,28,15.05
2020,7,28,15.93
2020,8,28,16.12
2020,9,28,16.21
2020,10,28,16
2020,11,28,15.72
2020,12,28,16.02
2021,1,28,16.74
2021,2,28,17.43
2021,3,28,17.85
2021,4,28,18.03
2021,5,28,17.95
2021,6,28,18.04
2021,7,28,18.3
2021,8,28,18.28
2021,9,28,18.22
2021,10,28,17.83
2021,11,28,17.88
2021,12,28,17.97
2022,1,28,18.24
2022,2,28,18.52
2022,3,28,18.97
2022,4,28,19.4
2022,5,28,19.6
2022,6,28,19.69
2022,7,28,19.17
2022,8,28,19.46
2022,9,28,18.99
2022,10,28,19.51
2022,11,28,19.46
2022,12,28,18.74
2023,1,28,18.98
2023,2,28,18.82
2023,3,28,19.1
2023,4,28,19.22
2023,5,28,19.56
2023,6,28,19.67
2023,7,28,19.31
2023,8,28,19.72
2023,9,28,19.9
2023,10,28,20.03
2023,11,28,20.03
2023,12,28,19.45
2024,1,28,19.82
2024,2,28,20.66
2024,3,28,20.79
2024,4,28,21.08
2024,5,28,21.16
2024,6,28,21.07
2024,7,28,21.27
2024,8,28,21.52
2024,9,28,21.1
2024,10,28,21.1
2024,11,28,21.45
2024,12,28,21.45
2025,1,28,21.98
2025,2,28,21.97
2025,3,28,21.98
2025,4,28,21.83
2017,1,29,15.79
2017,2,29,15.8
2017,3,29,15.7
2017,4,29,15.72
2017,5,29,15.62
2017,6,29,15.52
2017,7,29,15.45
2017,8,29,15.52
2017,9,29,15.74
2017,10,29,15.87
2017,11,29,15.95
2017,12,29,16.03
2018,1,29,16.6
2018,2,29,17.29
2018,3,29,17.51
2018,4,29,17.59
2018,5,29,17.74
2018,6,29,17.97
2018,7,29,18.38
2018,8,29,18.93
2018,9,29,19.13
2018,10,29,19.32
2018,11,29,19.31
2018,12,29,18.92
2019,1,29,18.55
2019,2,29,19.01
2019,3,29,19.61
2019,4,29,19.39
2019,5,29,19.34
2019,6,29,19.11
2019,7,29,19.26
2019,8,29,19.23
2019,9,29,19.33
2019,10,29,19.32
2019,11,29,19.33
2019,12,29,19.4
2020,1,29,19.47
2020,2,29,19.32
2020,3,29,17.48
2020,4,29,14.51
2020,5,29,15.94
2020,6,29,17.42
2020,7,29,18.32
2020,8,29,18.24
2020,9,29,18.15
2020,10,29,18.07
2020,11,29,17.59
2020,12,29,17.73
2021,1,29,18.81
2021,2,29,19.61
2021,3,29,19.8
2021,4,29,19.78
2021,5,29,19.8
2021,6,29,19.88
2021,7,29,20.01
2021,8,29,19.91
2021,9,29,19.69
2021,10,29,19.6
2021,11,29,19.44
2021,12,29,19.69
2022,1,29,20.14
2022,2,29,20.36
2022,3,29,20.77
2022,4,29,20.98
2022,5,29,21.08
2022,6,29,21.15
2022,7,29,21.32
2022,8,29,21.34
2022,9,29,21.13
2022,10,29,21.41
2022,11,29,21.27
2022,12,29,21.09
2023,1,29,21.41
2023,2,29,21.4
2023,3,29,21.46
2023,4,29,21.62
2023,5,29,21.62
2023,6,29,21.66
2023,7,29,21.76
2023,8,29,21.97
2023,9,29,21.89
2023,10,29,21.79
2023,11,29,21.75
2023,12,29,21.71
2024,1,29,22
2024,2,29,22.7
2024,3,29,22.74
2024,4,29,22.83
2024,5,29,22.95
2024,6,29,23.1
2024,7,29,23.44
2024,8,29,23.64
2024,9,29,23.52
2024,10,29,23.54
2024,11,29,23.6
2024,12,29,23.57
2025,1,29,23.88
2025,2,29,23.68
2025,3,29,23.55
2025,4,29,23.52
2017,1,30,15.52
2017,2,30,15.53
2017,3,30,15.44
2017,4,30,15.47
2017,5,30,15.38
2017,6,30,15.27
2017,7,30,15.19
2017,8,30,15.26
2017,9,30,15.49
2017,10,30,15.61
2017,11,30,15.69
2017,12,30,15.82
2018,1,30,16.36
2018,2,30,16.97
2018,3,30,17.2
2018,4,30,17.31
2018,5,30,17.47
2018,6,30,17.68
2018,7,30,18.02
2018,8,30,18.55
2018,9,30,18.79
2018,10,30,18.98
2018,11,30,18.95
2018,12,30,18.63
2019,1,30,18.31
2019,2,30,18.65
2019,3,30,19.17
2019,4,30,19.03
2019,5,30,18.92
2019,6,30,18.81
2019,7,30,18.88
2019,8,30,18.84
2019,9,30,18.91
2019,10,30,18.9
2019,11,30,18.87
2019,12,30,19
2020,1,30,19.1
2020,2,30,19.01
2020,3,30,17.4
2020,4,30,14.75
2020,5,30,15.85
2020,6,30,17.22
2020,7,30,18.25
2020,8,30,18.3
2020,9,30,18.29
2020,10,30,18.1
2020,11,30,17.7
2020,12,30,17.87
2021,1,30,18.84
2021,2,30,19.65
2021,3,30,20
2021,4,30,20.14
2021,5,30,20.21
2021,6,30,20.19
2021,7,30,20.23
2021,8,30,20.27
2021,9,30,20.29
2021,10,30,20.26
2021,11,30,20.15
2021,12,30,20.33
2022,1,30,20.67
2022,2,30,20.84
2022,3,30,21.07
2022,4,30,21.25
2022,5,30,21.39
2022,6,30,21.41
2022,7,30,21.52
2022,8,30,21.63
2022,9,30,21.48
2022,10,30,21.7
2022,11,30,21.64
2022,12,30,21.41
2023,1,30,21.61
2023,2,30,21.57
2023,3,30,21.61
2023,4,30,21.71
2023,5,30,21.68
2023,6,30,21.83
2023,7,30,21.96
2023,8,30,22.09
2023,9,30,22.15
2023,10,30,21.98
2023,11,30,21.98
2023,12,30,21.92
2024,1,30,22.14
2024,2,30,22.86
2024,3,30,23.1
2024,4,30,23.19
2024,5,30,23.25
2024,6,30,23.25
2024,7,30,23.67
2024,8,30,23.81
2024,9,30,23.8
2024,10,30,23.69
2024,11,30,23.64
2024,12,30,23.65
2025,1,30,24.1
2025,2,30,24.05
2025,3,30,23.8
2025,4,30,23.79
2017,1,31,15.44
2017,2,31,15.41
2017,3,31,15.34
2017,4,31,15.36
2017,5,31,15.26
2017,6,31,15.17
2017,7,31,15.09
2017,8,31,15.16
2017,9,31,15.38
2017,10,31,15.5
2017,11,31,15.59
2017,12,31,15.73
2018,1,31,16.33
2018,2,31,16.88
2018,3,31,17.14
2018,4,31,17.25
2018,5,31,17.39
2018,6,31,17.64
2018,7,31,18.08
2018,8,31,18.78
2018,9,31,19.05
2018,10,31,19.2
2018,11,31,19.21
2018,12,31,18.81
2019,1,31,18.52
2019,2,31,19.32
2019,3,31,19.93
2019,4,31,19.3
2019,5,31,19.16
2019,6,31,19.06
2019,7,31,19.34
2019,8,31,19.3
2019,9,31,19.46
2019,10,31,19.29
2019,11,31,19.32
2019,12,31,19.45
2020,1,31,19.63
2020,2,31,19.46
2020,3,31,17.95
2020,4,31,15.75
2020,5,31,16.87
2020,6,31,18.18
2020,7,31,18.94
2020,8,31,19.01
2020,9,31,19.13
2020,10,31,19.24
2020,11,31,18.59
2020,12,31,18.75
2021,1,31,19.6
2021,2,31,20.48
2021,3,31,20.65
2021,4,31,20.82
2021,5,31,20.53
2021,6,31,20.73
2021,7,31,20.93
2021,8,31,21.05
2021,9,31,20.93
2021,10,31,20.84
2021,11,31,20.77
2021,12,31,21.01
2022,1,31,21.39
2022,2,31,21.51
2022,3,31,21.82
2022,4,31,21.94
2022,5,31,22.07
2022,6,31,22.09
2022,7,31,22.19
2022,8,31,22.19
2022,9,31,22.12
2022,10,31,22.46
2022,11,31,22.28
2022,12,31,21.92
2023,1,31,22.31
2023,2,31,22.48
2023,3,31,22.53
2023,4,31,22.45
2023,5,31,22.25
2023,6,31,22.38
2023,7,31,22.55
2023,8,31,22.79
2023,9,31,22.71
2023,10,31,22.64
2023,11,31,22.57
2023,12,31,22.29
2024,1,31,23
2024,2,31,23.64
2024,3,31,23.55
2024,4,31,24.17
2024,5,31,24.09
2024,6,31,23.62
2024,7,31,23.94
2024,8,31,23.86
2024,9,31,24.4
2024,10,31,24.38
2024,11,31,24.23
2024,12,31,23.79
2025,1,31,24.65
2025,2,31,24.44
2025,3,31,24.05
2025,4,31,23.98
2017,1,32,16.19
2017,2,32,16.21
2017,3,32,16.12
2017,4,32,16.14
2017,5,32,16.05
2017,6,32,15.96
2017,7,32,15.87
2017,8,32,15.94
2017,9,32,16.16
2017,10,32,16.29
2017,11,32,16.37
2017,12,32,16.57
2018,1,32,17.28
2018,2,32,18.11
2018,3,32,18.36
2018,4,32,18.47
2018,5,32,18.59
2018,6,32,18.79
2018,7,32,19.16
2018,8,32,19.69
2018,9,32,19.94
2018,10,32,20.12
2018,11,32,20.1
2018,12,32,19.82
2019,1,32,19.63
2019,2,32,19.91
2019,3,32,20.23
2019,4,32,19.92
2019,5,32,19.82
2019,6,32,19.73
2019,7,32,19.77
2019,8,32,19.7
2019,9,32,19.8
2019,10,32,19.74
2019,11,32,19.73
2019,12,32,19.89
2020,1,32,19.93
2020,2,32,19.79
2020,3,32,18.62
2020,4,32,15.88
2020,5,32,16.57
2020,6,32,17.88
2020,7,32,18.92
2020,8,32,19.02
2020,9,32,19.02
2020,10,32,18.84
2020,11,32,18.46
2020,12,32,18.49
2021,1,32,19.29
2021,2,32,19.98
2021,3,32,20.38
2021,4,32,20.56
2021,5,32,20.67
2021,6,32,20.76
2021,7,32,20.86
2021,8,32,20.87
2021,9,32,20.76
2021,10,32,20.71
2021,11,32,20.6
2021,12,32,20.72
2022,1,32,21.01
2022,2,32,21.15
2022,3,32,21.56
2022,4,32,21.96
2022,5,32,22.15
2022,6,32,22.35
2022,7,32,22.44
2022,8,32,22.44
2022,9,32,22.12
2022,10,32,22.2
2022,11,32,22.02
2022,12,32,21.85
2023,1,32,22.05
2023,2,32,22.1
2023,3,32,22.16
2023,4,32,22.2
2023,5,32,22.1
2023,6,32,22.21
2023,7,32,22.37
2023,8,32,22.56
2023,9,32,22.53
2023,10,32,22.54
2023,11,32,22.69
2023,12,32,22.55
2024,1,32,22.71
2024,2,32,23.13
2024,3,32,23.27
2024,4,32,23.49
2024,5,32,23.67
2024,6,32,23.85
2024,7,32,24.19
2024,8,32,24.39
2024,9,32,24.49
2024,10,32,24.61
2024,11,32,24.69
2024,12,32,24.79
2025,1,32,25.05
2025,2,32,25.05
2025,3,32,24.18
2025,4,32,24.02
